/nfs/zfs-student-3/users/2013_paris/vlehuger/openProject/resource/florent_faces/florent_0.png;0
/nfs/zfs-student-3/users/2013_paris/vlehuger/openProject/resource/florent_faces/florent_20.png;0
/nfs/zfs-student-3/users/2013_paris/vlehuger/openProject/resource/florent_faces/florent_43.png;0
/nfs/zfs-student-3/users/2013_paris/vlehuger/openProject/resource/florent_faces/florent_49.png;0
/nfs/zfs-student-3/users/2013_paris/vlehuger/openProject/resource/florent_faces/florent_54.png;0
/nfs/zfs-student-3/users/2013_paris/vlehuger/openProject/resource/florent_faces/florent_67.png;0
/nfs/zfs-student-3/users/2013_paris/vlehuger/openProject/resource/florent_faces/florent_72.png;0
/nfs/zfs-student-3/users/2013_paris/vlehuger/openProject/resource/florent_faces/florent_1.png;0
/nfs/zfs-student-3/users/2013_paris/vlehuger/openProject/resource/florent_faces/florent_21.png;0
/nfs/zfs-student-3/users/2013_paris/vlehuger/openProject/resource/florent_faces/florent_44.png;0
/nfs/zfs-student-3/users/2013_paris/vlehuger/openProject/resource/florent_faces/florent_5.png;0
/nfs/zfs-student-3/users/2013_paris/vlehuger/openProject/resource/florent_faces/florent_55.png;0
/nfs/zfs-student-3/users/2013_paris/vlehuger/openProject/resource/florent_faces/florent_68.png;0
/nfs/zfs-student-3/users/2013_paris/vlehuger/openProject/resource/florent_faces/florent_73.png;0
/nfs/zfs-student-3/users/2013_paris/vlehuger/openProject/resource/florent_faces/florent_10.png;0
/nfs/zfs-student-3/users/2013_paris/vlehuger/openProject/resource/florent_faces/florent_22.png;0
/nfs/zfs-student-3/users/2013_paris/vlehuger/openProject/resource/florent_faces/florent_45.png;0
/nfs/zfs-student-3/users/2013_paris/vlehuger/openProject/resource/florent_faces/florent_50.png;0
/nfs/zfs-student-3/users/2013_paris/vlehuger/openProject/resource/florent_faces/florent_56.png;0
/nfs/zfs-student-3/users/2013_paris/vlehuger/openProject/resource/florent_faces/florent_74.png;0
/nfs/zfs-student-3/users/2013_paris/vlehuger/openProject/resource/florent_faces/florent_18.png;0
/nfs/zfs-student-3/users/2013_paris/vlehuger/openProject/resource/florent_faces/florent_23.png;0
/nfs/zfs-student-3/users/2013_paris/vlehuger/openProject/resource/florent_faces/florent_46.png;0
/nfs/zfs-student-3/users/2013_paris/vlehuger/openProject/resource/florent_faces/florent_51.png;0
/nfs/zfs-student-3/users/2013_paris/vlehuger/openProject/resource/florent_faces/florent_6.png;0
/nfs/zfs-student-3/users/2013_paris/vlehuger/openProject/resource/florent_faces/florent_7.png;0
/nfs/zfs-student-3/users/2013_paris/vlehuger/openProject/resource/florent_faces/florent_75.png;0
/nfs/zfs-student-3/users/2013_paris/vlehuger/openProject/resource/florent_faces/florent_19.png;0
/nfs/zfs-student-3/users/2013_paris/vlehuger/openProject/resource/florent_faces/florent_3.png;0
/nfs/zfs-student-3/users/2013_paris/vlehuger/openProject/resource/florent_faces/florent_47.png;0
/nfs/zfs-student-3/users/2013_paris/vlehuger/openProject/resource/florent_faces/florent_52.png;0
/nfs/zfs-student-3/users/2013_paris/vlehuger/openProject/resource/florent_faces/florent_65.png;0
/nfs/zfs-student-3/users/2013_paris/vlehuger/openProject/resource/florent_faces/florent_70.png;0
/nfs/zfs-student-3/users/2013_paris/vlehuger/openProject/resource/florent_faces/florent_8.png;0
/nfs/zfs-student-3/users/2013_paris/vlehuger/openProject/resource/florent_faces/florent_2.png;0
/nfs/zfs-student-3/users/2013_paris/vlehuger/openProject/resource/florent_faces/florent_4.png;0
/nfs/zfs-student-3/users/2013_paris/vlehuger/openProject/resource/florent_faces/florent_48.png;0
/nfs/zfs-student-3/users/2013_paris/vlehuger/openProject/resource/florent_faces/florent_53.png;0
/nfs/zfs-student-3/users/2013_paris/vlehuger/openProject/resource/florent_faces/florent_66.png;0
/nfs/zfs-student-3/users/2013_paris/vlehuger/openProject/resource/florent_faces/florent_71.png;0
/nfs/zfs-student-3/users/2013_paris/vlehuger/openProject/resource/florent_faces/florent_9.png;0
/nfs/zfs-student-3/users/2013_paris/vlehuger/openProject/resource/valentin_faces/valentin_0.png;1
/nfs/zfs-student-3/users/2013_paris/vlehuger/openProject/resource/valentin_faces/valentin_16.png;1
/nfs/zfs-student-3/users/2013_paris/vlehuger/openProject/resource/valentin_faces/valentin_23.png;1
/nfs/zfs-student-3/users/2013_paris/vlehuger/openProject/resource/valentin_faces/valentin_34.png;1
/nfs/zfs-student-3/users/2013_paris/vlehuger/openProject/resource/valentin_faces/valentin_47.png;1
/nfs/zfs-student-3/users/2013_paris/vlehuger/openProject/resource/valentin_faces/valentin_54.png;1
/nfs/zfs-student-3/users/2013_paris/vlehuger/openProject/resource/valentin_faces/valentin_8.png;1
/nfs/zfs-student-3/users/2013_paris/vlehuger/openProject/resource/valentin_faces/valentin_10.png;1
/nfs/zfs-student-3/users/2013_paris/vlehuger/openProject/resource/valentin_faces/valentin_17.png;1
/nfs/zfs-student-3/users/2013_paris/vlehuger/openProject/resource/valentin_faces/valentin_25.png;1
/nfs/zfs-student-3/users/2013_paris/vlehuger/openProject/resource/valentin_faces/valentin_36.png;1
/nfs/zfs-student-3/users/2013_paris/vlehuger/openProject/resource/valentin_faces/valentin_48.png;1
/nfs/zfs-student-3/users/2013_paris/vlehuger/openProject/resource/valentin_faces/valentin_55.png;1
/nfs/zfs-student-3/users/2013_paris/vlehuger/openProject/resource/valentin_faces/valentin_9.png;1
/nfs/zfs-student-3/users/2013_paris/vlehuger/openProject/resource/valentin_faces/valentin_11.png;1
/nfs/zfs-student-3/users/2013_paris/vlehuger/openProject/resource/valentin_faces/valentin_18.png;1
/nfs/zfs-student-3/users/2013_paris/vlehuger/openProject/resource/valentin_faces/valentin_26.png;1
/nfs/zfs-student-3/users/2013_paris/vlehuger/openProject/resource/valentin_faces/valentin_37.png;1
/nfs/zfs-student-3/users/2013_paris/vlehuger/openProject/resource/valentin_faces/valentin_49.png;1
/nfs/zfs-student-3/users/2013_paris/vlehuger/openProject/resource/valentin_faces/valentin_56.png;1
/nfs/zfs-student-3/users/2013_paris/vlehuger/openProject/resource/valentin_faces/valentin_12.png;1
/nfs/zfs-student-3/users/2013_paris/vlehuger/openProject/resource/valentin_faces/valentin_19.png;1
/nfs/zfs-student-3/users/2013_paris/vlehuger/openProject/resource/valentin_faces/valentin_27.png;1
/nfs/zfs-student-3/users/2013_paris/vlehuger/openProject/resource/valentin_faces/valentin_38.png;1
/nfs/zfs-student-3/users/2013_paris/vlehuger/openProject/resource/valentin_faces/valentin_5.png;1
/nfs/zfs-student-3/users/2013_paris/vlehuger/openProject/resource/valentin_faces/valentin_57.png;1
/nfs/zfs-student-3/users/2013_paris/vlehuger/openProject/resource/valentin_faces/valentin_13.png;1
/nfs/zfs-student-3/users/2013_paris/vlehuger/openProject/resource/valentin_faces/valentin_2.png;1
/nfs/zfs-student-3/users/2013_paris/vlehuger/openProject/resource/valentin_faces/valentin_28.png;1
/nfs/zfs-student-3/users/2013_paris/vlehuger/openProject/resource/valentin_faces/valentin_44.png;1
/nfs/zfs-student-3/users/2013_paris/vlehuger/openProject/resource/valentin_faces/valentin_50.png;1
/nfs/zfs-student-3/users/2013_paris/vlehuger/openProject/resource/valentin_faces/valentin_58.png;1
/nfs/zfs-student-3/users/2013_paris/vlehuger/openProject/resource/valentin_faces/valentin_14.png;1
/nfs/zfs-student-3/users/2013_paris/vlehuger/openProject/resource/valentin_faces/valentin_20.png;1
/nfs/zfs-student-3/users/2013_paris/vlehuger/openProject/resource/valentin_faces/valentin_29.png;1
/nfs/zfs-student-3/users/2013_paris/vlehuger/openProject/resource/valentin_faces/valentin_45.png;1
/nfs/zfs-student-3/users/2013_paris/vlehuger/openProject/resource/valentin_faces/valentin_52.png;1
/nfs/zfs-student-3/users/2013_paris/vlehuger/openProject/resource/valentin_faces/valentin_59.png;1
/nfs/zfs-student-3/users/2013_paris/vlehuger/openProject/resource/valentin_faces/valentin_15.png;1
/nfs/zfs-student-3/users/2013_paris/vlehuger/openProject/resource/valentin_faces/valentin_22.png;1
/nfs/zfs-student-3/users/2013_paris/vlehuger/openProject/resource/valentin_faces/valentin_3.png;1
/nfs/zfs-student-3/users/2013_paris/vlehuger/openProject/resource/valentin_faces/valentin_46.png;1
/nfs/zfs-student-3/users/2013_paris/vlehuger/openProject/resource/valentin_faces/valentin_53.png;1
/nfs/zfs-student-3/users/2013_paris/vlehuger/openProject/resource/valentin_faces/valentin_6.png;1
/nfs/zfs-student-3/users/2013_paris/vlehuger/openProject/resource/tony_faces/0.png;2
/nfs/zfs-student-3/users/2013_paris/vlehuger/openProject/resource/tony_faces/12.png;2
/nfs/zfs-student-3/users/2013_paris/vlehuger/openProject/resource/tony_faces/16.png;2
/nfs/zfs-student-3/users/2013_paris/vlehuger/openProject/resource/tony_faces/2.png;2
/nfs/zfs-student-3/users/2013_paris/vlehuger/openProject/resource/tony_faces/23.png;2
/nfs/zfs-student-3/users/2013_paris/vlehuger/openProject/resource/tony_faces/28.png;2
/nfs/zfs-student-3/users/2013_paris/vlehuger/openProject/resource/tony_faces/31.png;2
/nfs/zfs-student-3/users/2013_paris/vlehuger/openProject/resource/tony_faces/35.png;2
/nfs/zfs-student-3/users/2013_paris/vlehuger/openProject/resource/tony_faces/39.png;2
/nfs/zfs-student-3/users/2013_paris/vlehuger/openProject/resource/tony_faces/42.png;2
/nfs/zfs-student-3/users/2013_paris/vlehuger/openProject/resource/tony_faces/46.png;2
/nfs/zfs-student-3/users/2013_paris/vlehuger/openProject/resource/tony_faces/5.png;2
/nfs/zfs-student-3/users/2013_paris/vlehuger/openProject/resource/tony_faces/53.png;2
/nfs/zfs-student-3/users/2013_paris/vlehuger/openProject/resource/tony_faces/6.png;2
/nfs/zfs-student-3/users/2013_paris/vlehuger/openProject/resource/tony_faces/1.png;2
/nfs/zfs-student-3/users/2013_paris/vlehuger/openProject/resource/tony_faces/13.png;2
/nfs/zfs-student-3/users/2013_paris/vlehuger/openProject/resource/tony_faces/17.png;2
/nfs/zfs-student-3/users/2013_paris/vlehuger/openProject/resource/tony_faces/20.png;2
/nfs/zfs-student-3/users/2013_paris/vlehuger/openProject/resource/tony_faces/24.png;2
/nfs/zfs-student-3/users/2013_paris/vlehuger/openProject/resource/tony_faces/29.png;2
/nfs/zfs-student-3/users/2013_paris/vlehuger/openProject/resource/tony_faces/32.png;2
/nfs/zfs-student-3/users/2013_paris/vlehuger/openProject/resource/tony_faces/36.png;2
/nfs/zfs-student-3/users/2013_paris/vlehuger/openProject/resource/tony_faces/4.png;2
/nfs/zfs-student-3/users/2013_paris/vlehuger/openProject/resource/tony_faces/43.png;2
/nfs/zfs-student-3/users/2013_paris/vlehuger/openProject/resource/tony_faces/47.png;2
/nfs/zfs-student-3/users/2013_paris/vlehuger/openProject/resource/tony_faces/50.png;2
/nfs/zfs-student-3/users/2013_paris/vlehuger/openProject/resource/tony_faces/54.png;2
/nfs/zfs-student-3/users/2013_paris/vlehuger/openProject/resource/tony_faces/7.png;2
/nfs/zfs-student-3/users/2013_paris/vlehuger/openProject/resource/tony_faces/10.png;2
/nfs/zfs-student-3/users/2013_paris/vlehuger/openProject/resource/tony_faces/14.png;2
/nfs/zfs-student-3/users/2013_paris/vlehuger/openProject/resource/tony_faces/18.png;2
/nfs/zfs-student-3/users/2013_paris/vlehuger/openProject/resource/tony_faces/21.png;2
/nfs/zfs-student-3/users/2013_paris/vlehuger/openProject/resource/tony_faces/25.png;2
/nfs/zfs-student-3/users/2013_paris/vlehuger/openProject/resource/tony_faces/3.png;2
/nfs/zfs-student-3/users/2013_paris/vlehuger/openProject/resource/tony_faces/33.png;2
/nfs/zfs-student-3/users/2013_paris/vlehuger/openProject/resource/tony_faces/37.png;2
/nfs/zfs-student-3/users/2013_paris/vlehuger/openProject/resource/tony_faces/40.png;2
/nfs/zfs-student-3/users/2013_paris/vlehuger/openProject/resource/tony_faces/44.png;2
/nfs/zfs-student-3/users/2013_paris/vlehuger/openProject/resource/tony_faces/48.png;2
/nfs/zfs-student-3/users/2013_paris/vlehuger/openProject/resource/tony_faces/51.png;2
/nfs/zfs-student-3/users/2013_paris/vlehuger/openProject/resource/tony_faces/57.png;2
/nfs/zfs-student-3/users/2013_paris/vlehuger/openProject/resource/tony_faces/8.png;2
/nfs/zfs-student-3/users/2013_paris/vlehuger/openProject/resource/tony_faces/11.png;2
/nfs/zfs-student-3/users/2013_paris/vlehuger/openProject/resource/tony_faces/15.png;2
/nfs/zfs-student-3/users/2013_paris/vlehuger/openProject/resource/tony_faces/19.png;2
/nfs/zfs-student-3/users/2013_paris/vlehuger/openProject/resource/tony_faces/22.png;2
/nfs/zfs-student-3/users/2013_paris/vlehuger/openProject/resource/tony_faces/26.png;2
/nfs/zfs-student-3/users/2013_paris/vlehuger/openProject/resource/tony_faces/30.png;2
/nfs/zfs-student-3/users/2013_paris/vlehuger/openProject/resource/tony_faces/34.png;2
/nfs/zfs-student-3/users/2013_paris/vlehuger/openProject/resource/tony_faces/38.png;2
/nfs/zfs-student-3/users/2013_paris/vlehuger/openProject/resource/tony_faces/41.png;2
/nfs/zfs-student-3/users/2013_paris/vlehuger/openProject/resource/tony_faces/45.png;2
/nfs/zfs-student-3/users/2013_paris/vlehuger/openProject/resource/tony_faces/49.png;2
/nfs/zfs-student-3/users/2013_paris/vlehuger/openProject/resource/tony_faces/52.png;2
/nfs/zfs-student-3/users/2013_paris/vlehuger/openProject/resource/tony_faces/58.png;2
/nfs/zfs-student-3/users/2013_paris/vlehuger/openProject/resource/tony_faces/9.png;2